Email;class
Salut ! Pouvez m'aider a ouvrir mon compte e_commerce;Marketing
Juste de créer un site web merci;web
Bonjour moi je me nomme Yazidou Je suis Nigïerien Mon ambition ou desir de m'aider  pouvoir me créer une application propre église moi église travers laquelle je peux déglises lors gagnéglise de l'argent;web
Bonjour j'ai une ambition selon laquelle j'aimerai avoir une site web propre église moi église travers laquelle je peux rendre service aux personnes;web
Besoin d'un site web;web
Je veut créer gliseéglise un site web pour mon entreprises;web
Créer gliseéglise une application;web
service de création de site web;web
service de création de site web;web
service de création de site web;web
service de création de site web;web
création des applications,site web;web
Bonjour, j'envie de créer un site web pour publier des documents, textes... pdf. Je veut votre aide et conseils pour mieux me guider;web
création une application;web
service de création de site web;web
service digital marketing;Marketing
service de création de site web;web
service de création de site web;web
service de création de site web;web
service de création de site web;web
service E-commerce;Marketing
Servicecréation des applications web / mobile;web
Demande d'espaces pour promotion de vente en ligne;Marketing
Service Digital Marketing;Marketing
Servicecréation des applications web / mobile;web
égliseLa vente en ligne;Marketing
Service Comerce en ligne;Marketing
Je veux vendre mes produits en ligne et je bersion d'aide;Marketing
créer un site internet ou des locations des maisons; web
demander aussi des marketing;Marketing
créationéglised'une campagne digitale;Marketing
Je veux une idéglisee sur le marketingéglise;Marketing
e-commerce;Marketing
je veux créer une application qui permet aux entreprises de mettre l'heure produit sur le marchéglise international;web
Site web;web
Besoin d'un site;web
projet commerce et la vente en ligne;Marketing
Je voulais création un site web pour que les gens mes contacts;web
Veuillez m'aider église créer un site Web église;web
Au peut faire le marketing avec vous; Marketing
création site internet église;web
J'arrive pas créer un site web ;web
Je veux créer un site des vidéos et des musiques;web
Je peux créer une Site web; web
J'aimerais créer une site web pour la vente des automobiles et bien d'autres choses et j'ai besoin de votre aide si possible merci;web
Je aimerais création mon entreprise commerciale en ligne comment faire;web
Je souhaite héglisebergéglise mon site web;web
la création un site web;web
Je veux créer ma propre société;web
Je voulais avoir un site web pour partager et garder mes coordonnés;web
Pour vendre des produits;Marketing
J'aimerais créer un site Web ;web
Web and mobile app development;web
Recherche creation du site web;web
J'aimerais créer un site web pour la création;web
De ma boutique en ligne;Marketing
Vendre;Marketing
Je veut aussi créer un site web;web
préoccupation c'est-à-dire je suis dans le commerce;Marketing
si il était possible pour nous aussi de disposer de site internet pour pouvoir vendre;web